run_at,source,feed,status,fetched,too_old,dropped_by_filter,kept,source_new_items
2026-09-27T01:59:29Z,GlobeNewswire,https://www.globenewswire.com/RssFeed/keyword/registered%20investment%20advisor/feedTitle/GlobeNewswire%20-%20registered%20investment%20advisor,ok,20,19,0,1,4
2026-09-27T01:59:29Z,GlobeNewswire,https://www.globenewswire.com/RssFeed/keyword/wealth%20management/feedTitle/GlobeNewswire%20-%20wealth%20management,ok,20,9,7,4,4
2026-09-27T01:59:29Z,GlobeNewswire,https://www.globenewswire.com/RssFeed/keyword/RIA/feedTitle/GlobeNewswire%20-%20RIA,ok,20,19,0,1,4
2026-09-27T01:59:29Z,GlobeNewswire,https://www.globenewswire.com/RssFeed/keyword/family%20office/feedTitle/GlobeNewswire%20-%20family%20office,ok,20,19,0,1,4
2026-09-27T02:15:44Z,GlobeNewswire,https://www.globenewswire.com/RssFeed/keyword/registered%20investment%20advisor/feedTitle/GlobeNewswire%20-%20registered%20investment%20advisor,ok,20,19,0,1,0
2026-09-27T02:15:44Z,GlobeNewswire,https://www.globenewswire.com/RssFeed/keyword/wealth%20management/feedTitle/GlobeNewswire%20-%20wealth%20management,ok,20,9,7,4,0
2026-09-27T02:15:44Z,GlobeNewswire,https://www.globenewswire.com/RssFeed/keyword/RIA/feedTitle/GlobeNewswire%20-%20RIA,ok,20,19,0,1,0
2026-09-27T02:15:44Z,GlobeNewswire,https://www.globenewswire.com/RssFeed/keyword/family%20office/feedTitle/GlobeNewswire%20-%20family%20office,ok,20,19,0,1,0
2026-09-27T07:11:51Z,GlobeNewswire,https://www.globenewswire.com/RssFeed/keyword/registered%20investment%20advisor/feedTitle/GlobeNewswire%20-%20registered%20investment%20advisor,ok,20,19,0,1,0
2026-09-27T07:11:51Z,GlobeNewswire,https://www.globenewswire.com/RssFeed/keyword/wealth%20management/feedTitle/GlobeNewswire%20-%20wealth%20management,ok,20,9,7,4,0
2026-09-27T07:11:51Z,GlobeNewswire,https://www.globenewswire.com/RssFeed/keyword/RIA/feedTitle/GlobeNewswire%20-%20RIA,ok,20,19,0,1,0
2026-09-27T07:11:51Z,GlobeNewswire,https://www.globenewswire.com/RssFeed/keyword/family%20office/feedTitle/GlobeNewswire%20-%20family%20office,ok,20,19,0,1,0
2026-09-27T07:12:36Z,GlobeNewswire,https://www.globenewswire.com/RssFeed/keyword/registered%20investment%20advisor/feedTitle/GlobeNewswire%20-%20registered%20investment%20advisor,ok,20,19,0,1,0
2026-09-27T07:12:36Z,GlobeNewswire,https://www.globenewswire.com/RssFeed/keyword/wealth%20management/feedTitle/GlobeNewswire%20-%20wealth%20management,ok,20,9,7,4,0
2026-09-27T07:12:36Z,GlobeNewswire,https://www.globenewswire.com/RssFeed/keyword/RIA/feedTitle/GlobeNewswire%20-%20RIA,ok,20,19,0,1,0
2026-09-27T07:12:36Z,GlobeNewswire,https://www.globenewswire.com/RssFeed/keyword/family%20office/feedTitle/GlobeNewswire%20-%20family%20office,ok,20,19,0,1,0
2026-09-27T18:57:44Z,GlobeNewswire,https://www.globenewswire.com/RssFeed/keyword/registered%20investment%20advisor/feedTitle/GlobeNewswire%20-%20registered%20investment%20advisor,ok,20,19,0,1,0
2026-09-27T18:57:44Z,GlobeNewswire,https://www.globenewswire.com/RssFeed/keyword/wealth%20management/feedTitle/GlobeNewswire%20-%20wealth%20management,ok,20,9,7,4,0
2026-09-27T18:57:44Z,GlobeNewswire,https://www.globenewswire.com/RssFeed/keyword/RIA/feedTitle/GlobeNewswire%20-%20RIA,ok,20,19,0,1,0
2026-09-27T18:57:44Z,GlobeNewswire,https://www.globenewswire.com/RssFeed/keyword/family%20office/feedTitle/GlobeNewswire%20-%20family%20office,ok,20,19,0,1,0
2026-09-28T20:05:50Z,GlobeNewswire,https://www.globenewswire.com/RssFeed/keyword/registered%20investment%20advisor/feedTitle/GlobeNewswire%20-%20registered%20investment%20advisor,ok,20,19,0,1,1
2026-09-28T20:05:50Z,GlobeNewswire,https://www.globenewswire.com/RssFeed/keyword/wealth%20management/feedTitle/GlobeNewswire%20-%20wealth%20management,ok,20,7,8,5,1
2026-09-28T20:05:50Z,GlobeNewswire,https://www.globenewswire.com/RssFeed/keyword/RIA/feedTitle/GlobeNewswire%20-%20RIA,ok,20,18,0,2,1
2026-09-28T20:05:50Z,GlobeNewswire,https://www.globenewswire.com/RssFeed/keyword/family%20office/feedTitle/GlobeNewswire%20-%20family%20office,ok,20,19,0,1,1
2026-09-29T05:34:42Z,GlobeNewswire,https://www.globenewswire.com/RssFeed/keyword/registered%20investment%20advisor/feedTitle/GlobeNewswire%20-%20registered%20investment%20advisor,ok,20,19,0,1,0
2026-09-29T05:34:42Z,GlobeNewswire,https://www.globenewswire.com/RssFeed/keyword/wealth%20management/feedTitle/GlobeNewswire%20-%20wealth%20management,ok,20,7,8,5,0
2026-09-29T05:34:42Z,GlobeNewswire,https://www.globenewswire.com/RssFeed/keyword/RIA/feedTitle/GlobeNewswire%20-%20RIA,ok,20,18,0,2,0
2026-09-29T05:34:42Z,GlobeNewswire,https://www.globenewswire.com/RssFeed/keyword/family%20office/feedTitle/GlobeNewswire%20-%20family%20office,ok,20,19,0,1,0
2026-09-29T18:35:08Z,GlobeNewswire,https://www.globenewswire.com/RssFeed/keyword/registered%20investment%20advisor/feedTitle/GlobeNewswire%20-%20registered%20investment%20advisor,ok,20,19,0,1,1
2026-09-29T18:35:08Z,GlobeNewswire,https://www.globenewswire.com/RssFeed/keyword/wealth%20management/feedTitle/GlobeNewswire%20-%20wealth%20management,ok,20,9,6,5,1
2026-09-29T18:35:08Z,GlobeNewswire,https://www.globenewswire.com/RssFeed/keyword/RIA/feedTitle/GlobeNewswire%20-%20RIA,ok,20,17,0,3,1
2026-09-29T18:35:08Z,GlobeNewswire,https://www.globenewswire.com/RssFeed/keyword/family%20office/feedTitle/GlobeNewswire%20-%20family%20office,ok,20,19,0,1,1
2026-09-29T22:55:51Z,GlobeNewswire,https://www.globenewswire.com/RssFeed/keyword/registered%20investment%20advisor/feedTitle/GlobeNewswire%20-%20registered%20investment%20advisor,ok,20,19,0,1,0
2026-09-29T22:55:51Z,GlobeNewswire,https://www.globenewswire.com/RssFeed/keyword/wealth%20management/feedTitle/GlobeNewswire%20-%20wealth%20management,ok,20,10,5,5,0
2026-09-29T22:55:51Z,GlobeNewswire,https://www.globenewswire.com/RssFeed/keyword/RIA/feedTitle/GlobeNewswire%20-%20RIA,ok,20,17,0,3,0
2026-09-29T22:55:51Z,GlobeNewswire,https://www.globenewswire.com/RssFeed/keyword/family%20office/feedTitle/GlobeNewswire%20-%20family%20office,ok,20,19,0,1,0
2026-09-30T05:23:12Z,GlobeNewswire,https://www.globenewswire.com/RssFeed/keyword/registered%20investment%20advisor/feedTitle/GlobeNewswire%20-%20registered%20investment%20advisor,ok,20,17,1,2,1
2026-09-30T05:23:12Z,GlobeNewswire,https://www.globenewswire.com/RssFeed/keyword/wealth%20management/feedTitle/GlobeNewswire%20-%20wealth%20management,ok,20,8,6,6,1
2026-09-30T05:23:12Z,GlobeNewswire,https://www.globenewswire.com/RssFeed/keyword/RIA/feedTitle/GlobeNewswire%20-%20RIA,ok,20,15,1,4,1
2026-09-30T05:23:12Z,GlobeNewswire,https://www.globenewswire.com/RssFeed/keyword/family%20office/feedTitle/GlobeNewswire%20-%20family%20office,ok,20,19,0,1,1
2026-09-30T18:24:40Z,GlobeNewswire,https://www.globenewswire.com/RssFeed/keyword/registered%20investment%20advisor/feedTitle/GlobeNewswire%20-%20registered%20investment%20advisor,ok,20,17,1,2,0
2026-09-30T18:24:40Z,GlobeNewswire,https://www.globenewswire.com/RssFeed/keyword/wealth%20management/feedTitle/GlobeNewswire%20-%20wealth%20management,ok,20,9,5,6,0
2026-09-30T18:24:40Z,GlobeNewswire,https://www.globenewswire.com/RssFeed/keyword/RIA/feedTitle/GlobeNewswire%20-%20RIA,ok,20,15,1,4,0
2026-09-30T18:24:40Z,GlobeNewswire,https://www.globenewswire.com/RssFeed/keyword/family%20office/feedTitle/GlobeNewswire%20-%20family%20office,ok,20,19,0,1,0
2026-09-30T20:21:36Z,GlobeNewswire,https://www.globenewswire.com/RssFeed/keyword/registered%20investment%20advisor/feedTitle/GlobeNewswire%20-%20registered%20investment%20advisor,ok,20,17,1,2,0
2026-09-30T20:21:36Z,GlobeNewswire,https://www.globenewswire.com/RssFeed/keyword/wealth%20management/feedTitle/GlobeNewswire%20-%20wealth%20management,ok,20,9,5,6,0
2026-09-30T20:21:36Z,GlobeNewswire,https://www.globenewswire.com/RssFeed/keyword/RIA/feedTitle/GlobeNewswire%20-%20RIA,ok,20,15,1,4,0
2026-09-30T20:21:36Z,GlobeNewswire,https://www.globenewswire.com/RssFeed/keyword/family%20office/feedTitle/GlobeNewswire%20-%20family%20office,ok,20,19,0,1,0
2026-09-30T22:57:53Z,GlobeNewswire,https://www.globenewswire.com/RssFeed/keyword/registered%20investment%20advisor/feedTitle/GlobeNewswire%20-%20registered%20investment%20advisor,ok,20,17,1,2,0
2026-09-30T22:57:53Z,GlobeNewswire,https://www.globenewswire.com/RssFeed/keyword/wealth%20management/feedTitle/GlobeNewswire%20-%20wealth%20management,ok,20,9,5,6,0
2026-09-30T22:57:53Z,GlobeNewswire,https://www.globenewswire.com/RssFeed/keyword/RIA/feedTitle/GlobeNewswire%20-%20RIA,ok,20,15,1,4,0
2026-09-30T22:57:53Z,GlobeNewswire,https://www.globenewswire.com/RssFeed/keyword/family%20office/feedTitle/GlobeNewswire%20-%20family%20office,ok,20,19,0,1,0
2026-10-01T05:39:10Z,GlobeNewswire,https://www.globenewswire.com/RssFeed/keyword/registered%20investment%20advisor/feedTitle/GlobeNewswire%20-%20registered%20investment%20advisor,ok,20,17,1,2,0
2026-10-01T05:39:10Z,GlobeNewswire,https://www.globenewswire.com/RssFeed/keyword/wealth%20management/feedTitle/GlobeNewswire%20-%20wealth%20management,ok,20,9,5,6,0
2026-10-01T05:39:10Z,GlobeNewswire,https://www.globenewswire.com/RssFeed/keyword/RIA/feedTitle/GlobeNewswire%20-%20RIA,ok,20,15,1,4,0
2026-10-01T05:39:10Z,GlobeNewswire,https://www.globenewswire.com/RssFeed/keyword/family%20office/feedTitle/GlobeNewswire%20-%20family%20office,ok,20,19,0,1,0
2026-10-01T18:49:05Z,GlobeNewswire,https://www.globenewswire.com/RssFeed/keyword/registered%20investment%20advisor/feedTitle/GlobeNewswire%20-%20registered%20investment%20advisor,ok,20,17,1,2,0
2026-10-01T18:49:05Z,GlobeNewswire,https://www.globenewswire.com/RssFeed/keyword/wealth%20management/feedTitle/GlobeNewswire%20-%20wealth%20management,ok,20,9,5,6,0
2026-10-01T18:49:05Z,GlobeNewswire,https://www.globenewswire.com/RssFeed/keyword/RIA/feedTitle/GlobeNewswire%20-%20RIA,ok,20,15,1,4,0
2026-10-01T18:49:05Z,GlobeNewswire,https://www.globenewswire.com/RssFeed/keyword/family%20office/feedTitle/GlobeNewswire%20-%20family%20office,ok,20,19,0,1,0
2026-10-01T23:06:34Z,GlobeNewswire,https://www.globenewswire.com/RssFeed/keyword/registered%20investment%20advisor/feedTitle/GlobeNewswire%20-%20registered%20investment%20advisor,ok,20,17,1,2,0
2026-10-01T23:06:34Z,GlobeNewswire,https://www.globenewswire.com/RssFeed/keyword/wealth%20management/feedTitle/GlobeNewswire%20-%20wealth%20management,ok,20,9,5,6,0
2026-10-01T23:06:34Z,GlobeNewswire,https://www.globenewswire.com/RssFeed/keyword/RIA/feedTitle/GlobeNewswire%20-%20RIA,ok,20,15,1,4,0
2026-10-01T23:06:34Z,GlobeNewswire,https://www.globenewswire.com/RssFeed/keyword/family%20office/feedTitle/GlobeNewswire%20-%20family%20office,ok,20,19,0,1,0
2026-10-02T05:24:28Z,GlobeNewswire,https://www.globenewswire.com/RssFeed/keyword/registered%20investment%20advisor/feedTitle/GlobeNewswire%20-%20registered%20investment%20advisor,ok,20,17,1,2,0
2026-10-02T05:24:28Z,GlobeNewswire,https://www.globenewswire.com/RssFeed/keyword/wealth%20management/feedTitle/GlobeNewswire%20-%20wealth%20management,ok,20,9,5,6,0
2026-10-02T05:24:28Z,GlobeNewswire,https://www.globenewswire.com/RssFeed/keyword/RIA/feedTitle/GlobeNewswire%20-%20RIA,ok,20,15,1,4,0
2026-10-02T05:24:28Z,GlobeNewswire,https://www.globenewswire.com/RssFeed/keyword/family%20office/feedTitle/GlobeNewswire%20-%20family%20office,ok,20,19,0,1,0
2026-10-02T18:21:37Z,GlobeNewswire,https://www.globenewswire.com/RssFeed/keyword/registered%20investment%20advisor/feedTitle/GlobeNewswire%20-%20registered%20investment%20advisor,ok,20,17,1,2,0
2026-10-02T18:21:37Z,GlobeNewswire,https://www.globenewswire.com/RssFeed/keyword/wealth%20management/feedTitle/GlobeNewswire%20-%20wealth%20management,ok,20,10,4,6,0
2026-10-02T18:21:37Z,GlobeNewswire,https://www.globenewswire.com/RssFeed/keyword/RIA/feedTitle/GlobeNewswire%20-%20RIA,ok,20,15,1,4,0
2026-10-02T18:21:37Z,GlobeNewswire,https://www.globenewswire.com/RssFeed/keyword/family%20office/feedTitle/GlobeNewswire%20-%20family%20office,ok,20,19,0,1,0
2026-10-02T22:56:12Z,GlobeNewswire,https://www.globenewswire.com/RssFeed/keyword/registered%20investment%20advisor/feedTitle/GlobeNewswire%20-%20registered%20investment%20advisor,ok,20,17,1,2,0
2026-10-02T22:56:12Z,GlobeNewswire,https://www.globenewswire.com/RssFeed/keyword/wealth%20management/feedTitle/GlobeNewswire%20-%20wealth%20management,ok,20,10,4,6,0
2026-10-02T22:56:12Z,GlobeNewswire,https://www.globenewswire.com/RssFeed/keyword/RIA/feedTitle/GlobeNewswire%20-%20RIA,ok,20,15,1,4,0
2026-10-02T22:56:12Z,GlobeNewswire,https://www.globenewswire.com/RssFeed/keyword/family%20office/feedTitle/GlobeNewswire%20-%20family%20office,ok,20,19,0,1,0
2026-10-03T05:07:49Z,GlobeNewswire,https://www.globenewswire.com/RssFeed/keyword/registered%20investment%20advisor/feedTitle/GlobeNewswire%20-%20registered%20investment%20advisor,ok,20,17,1,2,0
2026-10-03T05:07:49Z,GlobeNewswire,https://www.globenewswire.com/RssFeed/keyword/wealth%20management/feedTitle/GlobeNewswire%20-%20wealth%20management,ok,20,10,4,6,0
2026-10-03T05:07:49Z,GlobeNewswire,https://www.globenewswire.com/RssFeed/keyword/RIA/feedTitle/GlobeNewswire%20-%20RIA,ok,20,15,1,4,0
2026-10-03T05:07:49Z,GlobeNewswire,https://www.globenewswire.com/RssFeed/keyword/family%20office/feedTitle/GlobeNewswire%20-%20family%20office,ok,20,19,0,1,0
2026-10-03T18:38:47Z,GlobeNewswire,https://www.globenewswire.com/RssFeed/keyword/registered%20investment%20advisor/feedTitle/GlobeNewswire%20-%20registered%20investment%20advisor,ok,20,17,1,2,0
2026-10-03T18:38:47Z,GlobeNewswire,https://www.globenewswire.com/RssFeed/keyword/wealth%20management/feedTitle/GlobeNewswire%20-%20wealth%20management,ok,20,10,4,6,0
2026-10-03T18:38:47Z,GlobeNewswire,https://www.globenewswire.com/RssFeed/keyword/RIA/feedTitle/GlobeNewswire%20-%20RIA,ok,20,15,1,4,0
2026-10-03T18:38:47Z,GlobeNewswire,https://www.globenewswire.com/RssFeed/keyword/family%20office/feedTitle/GlobeNewswire%20-%20family%20office,ok,20,19,0,1,0
